,0
is_month_to_month,0.07065335944461276
Contract_Month-to-Month,0.0634636543712273
Contract_Two Year,0.04129694531530409
Total_Revenue,0.02990881529066903
Online_Security_No,0.026779529879821188
Monthly_Charge,0.026436947848658073
Total_Charges,0.02611717942095923
Internet_Type_Fiber Optic,0.021520726311491267
Premium_Support_No,0.019558338130029135
revenue_per_referral,0.018420795310081436
Total_Long_Distance_Charges,0.015994108659561537
avg_monthly_revenue,0.014242618385053061
Age,0.009803553890838123
Premium_Support_Yes,0.009074477676106758
Payment_Method_Credit Card,0.008188094926931806
Internet_Type_DSL,0.00797333778677154
Contract_One Year,0.007596147404861243
Online_Backup_No,0.007441667259817529
Streaming_Movies_Yes,0.006825177153315662
Online_Security_Yes,0.006334131708284674
Device_Protection_Plan_No,0.006153678657375364
Device_Protection_Plan_No Internet,0.005838123732925038
Internet_Service_Yes,0.005663950755751022
Streaming_TV_No Internet,0.00524937833094108
Premium_Support_No Internet,0.004769379323814129
Payment_Method_Bank Withdrawal,0.004473702776332411
is_paperless,0.004461891536739489
Unlimited_Data_No Internet,0.004300749712571524
Streaming_Movies_No,0.003950741837367493
long_distance_share,0.003719029482333478
services_subscribed,0.003696834864288013
has_internet,0.003650080244337255
Online_Backup_No Internet,0.0036102327559159333
Paperless_Billing_Yes,0.0035541436679979678
State_Jammu & Kashmir,0.0033643240359419067
Multiple_Lines_Yes,0.0033587170503263453
Streaming_Music_Yes,0.0033128151898441744
Streaming_TV_Yes,0.0031356174462496165
Tenure_in_Months,0.002730193762576957
Value_Deal_Deal 5,0.002681972464109628
Online_Security_No Internet,0.0026444644560667005
Multiple_Lines_No,0.0023038718724003194
Streaming_Movies_No Internet,0.0022622791048621965
Streaming_Music_No Internet,0.002257943175901046
extra_data_share,0.0022517088939747426
Number_of_Referrals,0.0021698768093824615
Value_Deal_Deal 2,0.002124497860573339
Streaming_TV_No,0.002056673933984368
Gender_Male,0.0018695564682743267
tenure_bucket_6-12mo,0.001722925622785667
Internet_Type_No Internet,0.0015107831697904698
Streaming_Music_No,0.0014120306426795954
Total_Extra_Data_Charges,0.0012935472427058608
Payment_Method_Mailed Check,0.0012877447695743823
Value_Deal_No Deal,0.0011590555669343315
Married_Yes,0.0011099744114979888
Online_Backup_Yes,0.000944635759092916
tenure_bucket_1-2yr,0.0008802229425965839
Internet_Type_Cable,0.0007734040993999912
Phone_Service_Yes,0.0007419967738577619
Total_Refunds,0.0007109840985147919
Multiple_Lines_No Phone Service,0.0006860546456222282
Device_Protection_Plan_Yes,0.0006816510039846056
has_value_deal,0.0006807948985133468
Unlimited_Data_No,0.0005934205342564799
State_Jharkhand,0.0005841110774467003
Unlimited_Data_Yes,0.0005556496025306482
Value_Deal_Deal 4,0.0005231307014834422
refund_rate,0.0005146262299690065
State_Maharashtra,0.0005063771555380368
State_Bihar,0.0005037431731870599
tenure_bucket_2-4yr,0.0004863885442979269
State_Assam,0.00045920057876417373
State_Karnataka,0.0004410566331934736
State_Punjab,0.0004406547486944696
tenure_bucket_0-6mo,0.000425698714996792
State_Andhra Pradesh,0.0004246361691594401
State_Tamil Nadu,0.0003417925193561397
Value_Deal_Deal 1,0.0003323513059783161
Value_Deal_Deal 3,0.00032928722154659004
State_Uttar Pradesh,0.00030705005953696093
State_West Bengal,0.0003063406536155477
State_Telangana,0.00027569575021159213
State_Haryana,0.00023990780665491567
State_Kerala,0.00021524653990309133
State_Madhya Pradesh,0.00017198582929256793
State_Delhi,0.00016119957001144825
State_Puducherry,0.00015543921907052428
State_Rajasthan,0.0001245474762151665
State_Odisha,9.754746726337408e-05
State_Gujarat,9.480677821024054e-05
State_Uttarakhand,5.785478685006197e-05
State_Chhattisgarh,1.6569026231252976e-05
